filename,tokens,types,mean_token,median_token,sd_token
ghazaleh,3416,1025,6.623592505854801,4.865500000000001,5.8400979716798735
petter,2490,686,5.64805983935743,4.161,4.951801806474917
theo2,4105,964,5.854717417783191,4.44,5.1520128005213675
dialog_001,3155,702,5.5278272583201264,4.219,4.798846642467866
dialog_002,2529,607,5.499089758797944,4.256,4.633538625935036
åsa_wikforss,10995,2619,5.385245566166439,3.905,4.883803332881761